{
    "lessons": [
{
            "title": "📜 Lesson 8: Type",
            "parts": [
                {
                    "part_name": "📖 Part A: Theory ",
                    "link": "https://youtu.be/W0J3YMDb5Z8"
                },
                                {
                    "part_name": "📖 Part B: Answer ",
                    "link": "https://youtu.be/UCH-oPWvrA4"
                }
            ]
        },
		{
            "title": "📜 Lesson 7: Gender",
            "parts": [
                {
                    "part_name": "📖 Part A: Theory ",
                    "link": "https://youtu.be/Z0sCSN1nIkM"
                },
				{
                    "part_name": "📖 Part B: Theory ",
                    "link": "https://youtu.be/u5tJ6khpeTI"
                },
				{
                    "part_name": "📖 Part C: Answers ",
                    "link": "https://youtu.be/SFi7odxEz8U"
                }
            ]
        },
        {
            "title": "📜 Lesson 6: Number",
            "parts": [
                {
                    "part_name": "📖 Part A: Theory ",
                    "link": "https://youtu.be/oELj_ihY-rk"
                },
				{
                    "part_name": "📖 Part B: Answers ",
                    "link": "https://youtu.be/2IuaptqGZeA"
                }
            ]
        },
        {
            "title": "📜 Lesson 5: Flexibility",
            "parts": [
                {
                    "part_name": "📖 Part A: Theory ",
                    "link": "https://youtu.be/pB_MF00bqiU"
                },
                {
                    "part_name": "📖 Part B: Theory ",
                    "link": "https://youtu.be/eWHD0b38Wrc"
                },
                {
                    "part_name": "📖 Part C: Answers ",
                    "link": "https://youtu.be/TDbMFy5lGZs"
                }
            ]
        },
        {
            "title": "📜 Lesson 4: Light vs Heavy ",
            "parts": [
                {
                    "part_name": "📖 Part A: Theory ",
                    "link": "https://youtu.be/XqyFjFT0uO0?si=VcfOVKdEs0YBoceX"
                },
                {
                    "part_name": "📖 Part B: Answer ",
                    "link": "https://youtu.be/y6k9KgXPlDk?si=wmR8dbzV1T0gqKYt"
                }
            ]
        },
        {
            "title": "📜 Lesson 3: Muslim Chart",
            "parts": [
                {
                    "part_name": "📖 Part A: Theory ",
                    "link": "https://youtu.be/DD3vA5RBX5w"
                },
                {
                    "part_name": "📖 Part B: Theory ",
                    "link": "https://youtu.be/1Lkm4W7bLnU"
                },
                {
                    "part_name": "📖 Part C: Assignment - Answer ",
                    "link": "https://youtu.be/n8uPeZimSog"
                }
            ]
        },
        {
            "title": "📜 Lesson 2: Ism Status",
            "parts": [
                {
                    "part_name": "📖Part A: Theory ",
                    "link": "https://youtu.be/O5H2dCAFnj8?si=UFy5ttfHsaDHt8qn"
                },
                {
                    "part_name": "📖 Part B: Answer ",
                    "link": "https://youtu.be/9BFRIx62dEY?si=-ob-fZzEmfbyom75"
                }
            ]
        },
        {
            "title": "📜 Lesson 1: Ism, Fihl, Harf",
            "parts": [
                {
                    "part_name": "📖 Part A: Theory ",
                    "link": "https://youtu.be/9O30ZIBXhuA?si=_DESr9N_A_yhHv0m"
                },
                {
                    "part_name": "📖 Part B: Answer ",
                    "link": "https://youtu.be/IfvWIwC4r7M?si=XYBFlLJTXUWfrdet"
                }
            ]
        }
    ]
}
